Workbook

Sheet Toelichting
A1: Grip op Stroom: berekeningen stappenplan voorbeeldwoning
A2: Stand van de website op 17 oktober 2026 (steps.json en content/pakketten.json).
A4: Hoe werkt dit bestand
A5: • Gele cellen zijn invoer. Pas je daar iets aan, dan rekenen alle cellen erna automatisch mee (ook de volgende stappen).
A6: • Grijsblauwe cellen zijn berekend. Die hoef je niet aan te passen.
A7: • Elke stap bouwt voort op de vorige: energiekosten en woningwaarde zijn steeds "vorige stap + verschil".
A8: • Wil je iets anders? Pas de gele cel aan, of zet je wens in de kolom "Jouw aanpassing of opmerking". Stuur het bestand daarna terug; ik verwerk het op de site.
A9: • Het blad "Controle" laat zien of de berekening nog gelijk is aan wat nu op de site staat. Na een aanpassing zie je daar welke getallen op de site veranderen.
A11: Bladen
A12: • Uitgangspunten: voorbeeldwoning, startwaarden, regel voor de woningwaarde en de correctie voor de warmtepomp.
A13: • Stappenplan: de berekening per ingreep voor energielabel, energiekosten en woningwaarde.
A14: • Pakketten: het labeleffect van Ferme, Stevige en Volledige grip.
... A28: Berekend: past zich automatisch aan

Sheet Uitgangspunten
A1: Uitgangspunten
A3: Uitgangspunt | B3: Waarde | C3: Toelichting
A4: Type woning | B4: hoekwoning | C4: Voorbeeldwoning
A5: Bouwjaar | B5: 1980
A6: Woonoppervlak (m²) | B6: 120
A7: Startlabel | B7: C | C7: Label van de woning zoals ze nu is
A8: Energiekosten per jaar bij start | B8: 2300 | C8: Schatting, bron Milieu Centraal (gemiddeld verbruik en prijzen)
A9: Woningwaarde bij start | B9: 400000 | C9: Voorbeeldbedrag
A10: Waardestijging per labelstap | B10: 0.02 | C10: Percentage van de startwaarde per labelstap. Afgeleid van Kadaster (label B gem. ca. 2,1% lager dan A of beter)
A11: Correctie warmtepomp: energiekosten per jaar | B11: 350 | C11: Bij stap 3 opgeteld: de oorspronkelijke berekening van stap 3 t/m 5 ging uit van een warmtepomp
A12: Correctie warmtepomp: woningwaarde | B12: -7500 | C12: Bij stap 3 afgetrokken, om dezelfde reden
A14: Labelschaal (beste bovenaan)
A15: A++++ | B15: 1
A16: A+++ | B16: 2
A17: A++ | B17: 3
A18: A+ | B18: 4
A19: A | B19: 5
A20: B | B20: 6
A21: C | B21: 7
A22: D | B22: 8
A23: E | B23: 9
A24: F | B24: 10
A25: G | B25: 11

Sheet Stappenplan
A1: Stappenplan voorbeeldwoning: berekening per ingreep
A2: Ingreep | C2: Energielabel | G2: Energiekosten | O2: Woningwaarde | U2: Site | W2: Aanpassing
A3: Stap | B3: Ingreep | C3: Energielabel | D3: Labelstappen t.o.v. vorige stap | E3: Telt mee in label? | F3: Status label | G3: Verschil energiekosten per jaar | H3: Correctie warmtepomp per jaar | I3: Energiekosten per jaar | J3: Energiekosten per maand | K3: Verschil per maand t.o.v. vorige stap | L3: Besparing per jaar t.o.v. start | M3: Overige besparing per maand (niet op energierekening) | N3: Herkomst energiekosten | O3: Methode woningwaarde | P3: Verschil woningwaarde | Q3: Correctie warmtepomp | R3: Woningwaarde | S3: Hoger dan start | T3: Hoger dan start (%) | U3: Tekst op de site bij deze stap | V3: Bronnen (id) | W3: Jouw aanpassing of opmerking
A4: 0 | B4: Uitgangssituatie | C4: =Uitgangspunten!$B$7 | F4: Uitgangspunt | I4: =Uitgangspunten!$B$8 | J4: =I4/12 | N4: Uitgangspunt (zie blad Uitgangspunten) | O4: Uitgangspunt | R4: =Uitgangspunten!$B$9 | V4: ep-online, kadaster, milieu-centraal, voorbeeldwoning
A5: 1 | B5: Kozijnen met HR++ glas | C5: B | D5: =MATCH(C4,Uitgangspunten!$A$15:$A$25,0)-MATCH(C5,Uitgangspunten!$A$15:$A$25,0) | E5: ja | F5: Schatting, nog valideren met EP-adviseur | G5: -250 | I5: =I4+G5+N(H5) | J5: =I5/12 | K5: =(I5-I4)/12 | L5: =I4-I5 | N5: Voorlopige schatting, nog valideren | O5: 2% van startwaarde per labelstap | P5: =D5*Uitgangspunten!$B$10*Uitgangspunten!$B$9 | R5: =R4+P5+N(Q5) | S5: =R5-R4 | T5: =S5/R4 | V5: kadaster, milieu-centraal, nta-8800
A6: 2 | B6: Dak- en vloerisolatie | C6: A | D6: =MATCH(C5,Uitgangspunten!$A$15:$A$25,0)-MATCH(C6,Uitgangspunten!$A$15:$A$25,0) | E6: ja | F6: Schatting, nog valideren met EP-adviseur | G6: -300 | I6: =I5+G6+N(H6) | J6: =I6/12 | K6: =(I6-I5)/12 | L6: =I4-I6 | N6: Voorlopige schatting, nog valideren | O6: 2% van startwaarde per labelstap | P6: =D6*Uitgangspunten!$B$10*Uitgangspunten!$B$9 | R6: =R5+P6+N(Q6) | S6: =R6-R4 | T6: =S6/R4 | V6: kadaster, milieu-centraal, nta-8800
A7: 3 | B7: Zonnepanelen | C7: A++ | D7: =MATCH(C6,Uitgangspunten!$A$15:$A$25,0)-MATCH(C7,Uitgangspunten!$A$15:$A$25,0) | E7: ja | F7: Nog laten controleren (zonder warmtepomp) | G7: -800 | H7: =Uitgangspunten!$B$11 | I7: =I6+G7+N(H7) | J7: =I7/12 | K7: =(I7-I6)/12 | L7: =I4-I7 | N7: Voorlopige schatting met warmtepomp (-€ 800), gecorrigeerd met +€ 350 omdat de warmtepomp pas stap 7 is. Correctie werkt door in stap 4 en 5. | O7: 2% van startwaarde per labelstap | P7: =D7*Uitgangspunten!$B$10*Uitgangspunten!$B$9 | Q7: =Uitgangspunten!$B$12 | R7: =R6+P7+N(Q7) | S7: =R7-R4 | T7: =S7/R4 | V7: kadaster, milieu-centraal, nta-8800
A8: 4 | B8: Thuisbatterij met energiemanagement en dynamisch contract | C8: A++ | D8: =MATCH(C7,Uitgangspunten!$A$15:$A$25,0)-MATCH(C8,Uitgangspunten!$A$15:$A$25,0) | E8: nee | F8: Nog laten controleren (zonder warmtepomp) | G8: -200 | I8: =I7+G8+N(H8) | J8: =I8/12 | K8: =(I8-I7)/12 | L8: =I4-I8 | N8: Voorlopige schatting (-€ 200) | O8: 2% van startwaarde per labelstap | P8: =D8*Uitgangspunten!$B$10*Uitgangspunten!$B$9 | R8: =R7+P8+N(Q8) | S8: =R8-R4 | T8: =S8/R4 | U8: Je label blijft A++. Deze stap verlaagt vooral je kosten. | V8: kadaster, milieu-centraal, nta-8800
A9: 5 | B9: Laadpaal | C9: A++ | D9: =MATCH(C8,Uitgangspunten!$A$15:$A$25,0)-MATCH(C9,Uitgangspunten!$A$15:$A$25,0) | E9: nee | F9: Nog laten controleren (zonder warmtepomp) | G9: 600 | I9: =I8+G9+N(H9) | J9: =I9/12 | K9: =(I9-I8)/12 | L9: =I4-I9 | M9: 100 | N9: Door Marco opgegeven: +€ 50 per maand (+€ 600 per jaar) | O9: Door Marco opgegeven | P9: 5000 | R9: =R8+P9+N(Q9) | S9: =R9-R4 | T9: =S9/R4 | U9: Je label blijft A++. Je energiekosten stijgen met circa € 50 per maand, maar je bespaart circa € 100 per maand op brandstof. | V9: kadaster, milieu-centraal, nta-8800
A10: 6 | B10: Airco die ook verwarmt | C10: A+++ | D10: =MATCH(C9,Uitgangspunten!$A$15:$A$25,0)-MATCH(C10,Uitgangspunten!$A$15:$A$25,0) | E10: ja | F10: Door Marco opgegeven | G10: -168 | I10: =I9+G10+N(H10) | J10: =I10/12 | K10: =(I10-I9)/12 | L10: =I4-I10 | N10: Door Marco opgegeven: -€ 14 per maand (-€ 168 per jaar) | O10: Door Marco opgegeven | P10: 5500 | R10: =R9+P10+N(Q10) | S10: =R10-R4 | T10: =S10/R4 | U10: Je energiekosten dalen met circa € 14 per maand. Die besparing op gas komt uit de bijverwarmingsfunctie van de airco. | V10: geen (door Marco opgegeven)
A11: 7 | B11: Warmtepomp | C11: A++++ | D11: =MATCH(C10,Uitgangspunten!$A$15:$A$25,0)-MATCH(C11,Uitgangspunten!$A$15:$A$25,0) | E11: ja | F11: Door Marco opgegeven | G11: -350 | I11: =I10+G11+N(H11) | J11: =I11/12 | K11: =(I11-I10)/12 | L11: =I4-I11 | N11: Door Marco opgegeven: -€ 350 per jaar | O11: Door Marco opgegeven | P11: 7500 | R11: =R10+P11+N(Q11) | S11: =R11-R4 | T11: =S11/R4 | V11: geen (door Marco opgegeven)
A13: Totaal na alle stappen
B14: Besparing energiekosten per jaar | I14: =L11
B15: Waardestijging woning | I15: =S11
B16: Energielabel | I16: =C4&" → "&C11

Sheet Pakketten
A1: Pakketten: labeleffect
A3: Pakket | B3: Maatregelen | C3: Tot en met stap | D3: Label van | E3: Label naar (site) | F3: Label volgens stappenplan | G3: Gelijk? | H3: Status | I3: Jouw aanpassing of opmerking
A4: Ferme grip | B4: Kozijnen met HR++ glas, Dak- en vloerisolatie | C4: 2 | D4: C | E4: A | F4: =INDEX(Stappenplan!C4:C11,C4+1) | G4: =IF(E4=F4,"ja","nee") | H4: Schatting, nog valideren
A5: Stevige grip | B5: Alles uit Ferme grip, Zonnepanelen | C5: 3 | D5: C | E5: A++ | F5: =INDEX(Stappenplan!C4:C11,C5+1) | G5: =IF(E5=F5,"ja","nee") | H5: Nog opnieuw berekenen (was berekend met warmtepomp)
A6: Volledige grip | B6: Alles uit Stevige grip, Thuisbatterij met energiemanagement, Dynamisch energiecontract, Laadpaal, airco en warmtepomp als je dat wilt | C6: 7 | D6: C | E6: A++++ | F6: =INDEX(Stappenplan!C4:C11,C6+1) | G6: =IF(E6=F6,"ja","nee") | H6: Door Marco bevestigd (gelijk aan stap 7)
A8: Volledige grip bevat airco en warmtepomp "als je dat wilt"; het labeleffect A++++ gaat uit van alle stappen.

Sheet Controle
A1: Controle: berekening naast wat nu op de site staat
A3: Stap | B3: Ingreep | C3: Label berekening | D3: Label site | E3: Energiekosten berekening | F3: Energiekosten site | G3: Woningwaarde berekening | H3: Woningwaarde site | I3: Verandert op de site?
A4: 0 | B4: Uitgangssituatie | C4: =Stappenplan!C4 | D4: C | E4: =Stappenplan!I4 | F4: 2300 | G4: =Stappenplan!R4 | H4: 400000 | I4: =IF(AND(C4=D4,ROUND(E4,0)=F4,ROUND(G4,0)=H4),"nee","ja")
A5: 1 | B5: Kozijnen met HR++ glas | C5: =Stappenplan!C5 | D5: B | E5: =Stappenplan!I5 | F5: 2050 | G5: =Stappenplan!R5 | H5: 408000 | I5: =IF(AND(C5=D5,ROUND(E5,0)=F5,ROUND(G5,0)=H5),"nee","ja")
A6: 2 | B6: Dak- en vloerisolatie | C6: =Stappenplan!C6 | D6: A | E6: =Stappenplan!I6 | F6: 1750 | G6: =Stappenplan!R6 | H6: 416000 | I6: =IF(AND(C6=D6,ROUND(E6,0)=F6,ROUND(G6,0)=H6),"nee","ja")
A7: 3 | B7: Zonnepanelen | C7: =Stappenplan!C7 | D7: A++ | E7: =Stappenplan!I7 | F7: 1300 | G7: =Stappenplan!R7 | H7: 424500 | I7: =IF(AND(C7=D7,ROUND(E7,0)=F7,ROUND(G7,0)=H7),"nee","ja")
A8: 4 | B8: Thuisbatterij met energiemanagement en dynamisch contract | C8: =Stappenplan!C8 | D8: A++ | E8: =Stappenplan!I8 | F8: 1100 | G8: =Stappenplan!R8 | H8: 424500 | I8: =IF(AND(C8=D8,ROUND(E8,0)=F8,ROUND(G8,0)=H8),"nee","ja")
A9: 5 | B9: Laadpaal | C9: =Stappenplan!C9 | D9: A++ | E9: =Stappenplan!I9 | F9: 1700 | G9: =Stappenplan!R9 | H9: 429500 | I9: =IF(AND(C9=D9,ROUND(E9,0)=F9,ROUND(G9,0)=H9),"nee","ja")
A10: 6 | B10: Airco die ook verwarmt | C10: =Stappenplan!C10 | D10: A+++ | E10: =Stappenplan!I10 | F10: 1532 | G10: =Stappenplan!R10 | H10: 435000 | I10: =IF(AND(C10=D10,ROUND(E10,0)=F10,ROUND(G10,0)=H10),"nee","ja")
A11: 7 | B11: Warmtepomp | C11: =Stappenplan!C11 | D11: A++++ | E11: =Stappenplan!I11 | F11: 1182 | G11: =Stappenplan!R11 | H11: 442500 | I11: =IF(AND(C11=D11,ROUND(E11,0)=F11,ROUND(G11,0)=H11),"nee","ja")

Sheet Bronnen
A1: Bronnen
A3: Id | B3: Omschrijving | C3: Link
A4: voorbeeldwoning | B4: Uitgangspunten voorbeeldwoning: hoekwoning, bouwjaar circa 1980, circa 120 m², label C
A5: bag | B5: Basisregistratie Adressen en Gebouwen (BAG): woonoppervlak en bouwjaar | C5: https://bagviewer.kadaster.nl
A6: ep-online | B6: Energielabels van woningen | C6: https://www.ep-online.nl
A7: nta-8800 | B7: Bepalingsmethode energieprestatie van gebouwen (NTA 8800), inschatting labelsprong door een gecertificeerde EP-adviseur | C7: https://www.rvo.nl/onderwerpen/wetten-en-regels-gebouwen/energielabel-woningen
A8: milieu-centraal | B8: Gemiddeld energieverbruik en energieprijzen | C8: https://www.milieucentraal.nl/energie-besparen/inzicht-in-je-energierekening/gemiddeld-energieverbruik/
A9: kadaster | B9: Verkoopprijs van woningen naar energielabel: label B verkoopt gemiddeld circa 2,1% lager dan label A of beter | C9: https://www.kadaster.nl/zakelijk/vastgoedinformatie/vastgoedcijfers
A10: bedenktijd | B10: Bedenktijd van 14 dagen bij koop op afstand en buiten de winkel | C10: https://www.consuwijzer.nl/kopen-op-afstand/bedenktijd
A11: isde | B11: ISDE: subsidie voor woningeigenaren, onder meer voor warmtepompen en isolatie | C11: https://www.rvo.nl/subsidies-financiering/isde/woningeigenaren
A12: warmtefonds | B12: Lenen voor het verduurzamen van je woning | C12: https://www.warmtefonds.nl
